image,weight,month_age,sex,label
train/JapaneseSpitz/a136.jpg,7.8,6.7,1,0
train/JapaneseSpitz/a153.jpg,7.8,6.7,1,0
train/JapaneseSpitz/a155.jpg,5.8,5.5,0,0
train/JapaneseSpitz/a102.jpg,5.1,4.2,1,0
train/JapaneseSpitz/a172.jpg,6.6,6,0,0
train/JapaneseSpitz/a23.jpg,5.8,4.6,1,0
train/JapaneseSpitz/a167.jpg,9.5,7.7,0,0
train/JapaneseSpitz/a12.jpg,5.8,5.5,0,0
train/JapaneseSpitz/a2.jpg,3.1,2.4,1,0
train/JapaneseSpitz/a110.jpg,3.2,2.6,0,0
train/JapaneseSpitz/a142.jpg,3.8,3.2,1,0
train/JapaneseSpitz/a116.jpg,6.2,5.6,1,0
train/JapaneseSpitz/a100.jpg,7.2,8.1,1,0
train/JapaneseSpitz/a25.jpg,6.4,5.9,0,0
train/JapaneseSpitz/a34.jpg,7.1,6.3,1,0
train/JapaneseSpitz/a133.jpg,7.8,6.7,1,0
train/JapaneseSpitz/a139.jpg,4.1,3.7,0,0
train/JapaneseSpitz/a109.jpg,5.4,5.3,0,0
train/JapaneseSpitz/a13.jpg,3.2,2.5,1,0
train/JapaneseSpitz/a64.jpg,9.1,7.5,1,0
train/JapaneseSpitz/a94.jpg,8.5,7.1,1,0
train/JapaneseSpitz/a74.jpg,6.8,6.1,0,0
train/JapaneseSpitz/a70.jpg,6.2,5.1,0,0
train/JapaneseSpitz/a61.jpg,9.2,7.5,1,0
train/JapaneseSpitz/a181.jpg,6.1,5.6,0,0
train/JapaneseSpitz/a185.jpg,3.2,3,1,0
train/JapaneseSpitz/a77.jpg,9.2,7.5,1,0
train/JapaneseSpitz/a151.jpg,5.8,5.5,0,0
train/JapaneseSpitz/a27.jpg,8.5,7.1,1,0
train/JapaneseSpitz/a33.jpg,9.9,7.9,1,0
train/JapaneseSpitz/a132.jpg,4.5,3.5,1,0
train/JapaneseSpitz/a121.jpg,8.8,7.3,1,0
train/JapaneseSpitz/a41.jpg,4.2,3.8,0,0
train/JapaneseSpitz/a125.jpg,5.1,4.2,0,0
train/JapaneseSpitz/a72.jpg,8.2,7.1,0,0
train/JapaneseSpitz/a63.jpg,9.6,7.7,0,0
train/JapaneseSpitz/a59.jpg,3.9,3.1,1,0
train/JapaneseSpitz/a126.jpg,6.5,5.9,0,0
train/JapaneseSpitz/a49.jpg,8.5,6.8,0,0
train/JapaneseSpitz/a166.jpg,7.6,6.5,0,0
train/JapaneseSpitz/a154.jpg,7.2,6.2,1,0
train/JapaneseSpitz/a82.jpg,9.3,7.6,1,0
train/JapaneseSpitz/a114.jpg,3,2.5,1,0
train/JapaneseSpitz/a148.jpg,6.7,6,0,0
train/JapaneseSpitz/a68.jpg,4.2,3.8,0,0
train/JapaneseSpitz/a45.jpg,3.2,2.6,0,0
train/JapaneseSpitz/a24.jpg,6.6,6,0,0
train/JapaneseSpitz/a62.jpg,7.6,6.6,1,0
train/JapaneseSpitz/a129.jpg,9.5,7.7,1,0
train/JapaneseSpitz/a38.jpg,6.9,4.5,1,0
train/JapaneseSpitz/a46.jpg,8.5,7.1,1,0
train/JapaneseSpitz/a75.jpg,5.9,5.5,0,0
train/JapaneseSpitz/a42.jpg,4.2,3.2,1,0
train/JapaneseSpitz/a83.jpg,9.1,8.6,0,0
train/JapaneseSpitz/a14.jpg,2.9,2.4,0,0
train/JapaneseSpitz/a143.jpg,8.8,7.3,0,0
train/JapaneseSpitz/a135.jpg,6.7,6,1,0
train/JapaneseSpitz/a87.jpg,5.1,4.2,1,0
train/JapaneseSpitz/a50.jpg,3.1,2.6,1,0
train/JapaneseSpitz/a10.jpg,9.3,7.6,1,0
train/JapaneseSpitz/a85.jpg,7.1,6.3,1,0
train/JapaneseSpitz/a40.jpg,5.3,5.2,0,0
train/JapaneseSpitz/a65.jpg,7.8,6.7,1,0
train/JapaneseSpitz/a9.jpg,7.7,7.2,0,0
train/JapaneseSpitz/a108.jpg,7.6,6.6,1,0
train/JapaneseSpitz/a134.jpg,5.2,5.1,0,0
train/JapaneseSpitz/a130.jpg,9.6,7.7,1,0
train/JapaneseSpitz/a80.jpg,6.2,5.7,0,0
train/JapaneseSpitz/a170.jpg,7.4,6.1,1,0
train/JapaneseSpitz/a18.jpg,6.7,6,1,0
train/JapaneseSpitz/a67.jpg,8.9,7.4,1,0
train/JapaneseSpitz/a156.jpg,6.9,4.5,1,0
train/JapaneseSpitz/a79.jpg,4.7,4.5,0,0
train/JapaneseSpitz/a160.jpg,8.5,7.1,1,0
train/JapaneseSpitz/a119.jpg,6.9,6.7,1,0
train/JapaneseSpitz/a29.jpg,9.6,7.7,0,0
train/JapaneseSpitz/a39.jpg,4.1,3.7,0,0
train/JapaneseSpitz/a184.jpg,9.6,7.8,1,0
train/JapaneseSpitz/a44.jpg,6.9,6.5,0,0
train/JapaneseSpitz/a57.jpg,7.1,6.3,1,0
train/JapaneseSpitz/a17.jpg,5.6,5.4,0,0
train/JapaneseSpitz/a35.jpg,9.7,7.8,1,0
train/JapaneseSpitz/a150.jpg,6.1,5.6,0,0
train/JapaneseSpitz/a69.jpg,6.7,6,1,0
train/JapaneseSpitz/a152.jpg,5.5,5.1,1,0
train/JapaneseSpitz/a48.jpg,8.5,7.1,1,0
train/JapaneseSpitz/a54.jpg,7.8,6.7,1,0
train/JapaneseSpitz/a55.jpg,7,6.2,1,0
train/JapaneseSpitz/a7.jpg,3.5,2.4,0,0
train/JapaneseSpitz/a97.jpg,4.3,3.8,1,0
train/JapaneseSpitz/a124.jpg,9.1,8.6,0,0
train/JapaneseSpitz/a182.jpg,2.6,2.2,1,0
train/JapaneseSpitz/a122.jpg,2.8,2.4,0,0
train/JapaneseSpitz/a128.jpg,3.1,2.6,1,0
train/JapaneseSpitz/a117.jpg,7.1,6.3,1,0
train/JapaneseSpitz/a105.jpg,7.1,5.7,0,0
train/JapaneseSpitz/a145.jpg,2.9,2.4,1,0
train/JapaneseSpitz/a86.jpg,7,6.2,1,0
train/JapaneseSpitz/a4.jpg,6.8,5.6,0,0
train/JapaneseSpitz/a37.jpg,7.5,7.2,1,0
train/JapaneseSpitz/a84.jpg,7,6.2,1,0
train/JapaneseSpitz/a30.jpg,5.7,5.4,0,0
train/JapaneseSpitz/a93.jpg,7,6.2,1,0
train/JapaneseSpitz/a58.jpg,8.3,7,1,0
train/JapaneseSpitz/a73.jpg,3.2,2.6,1,0
train/JapaneseSpitz/a168.jpg,9.3,7.6,1,0
train/JapaneseSpitz/a66.jpg,4.8,3.5,1,0
train/JapaneseSpitz/a81.jpg,4.2,3.5,1,0
train/JapaneseSpitz/a171.jpg,6.7,6,1,0
train/JapaneseSpitz/a78.jpg,3.1,2.6,1,0
train/JapaneseSpitz/a15.jpg,9.5,7.7,1,0
train/JapaneseSpitz/a111.jpg,9.6,7.7,1,0
train/JapaneseSpitz/a149.jpg,4,3.2,0,0
train/JapaneseSpitz/a107.jpg,7.5,6.1,1,0
train/JapaneseSpitz/a147.jpg,9.5,7.7,1,0
train/JapaneseSpitz/a28.jpg,9.6,7.8,1,0
train/JapaneseSpitz/a104.jpg,7.4,5.8,0,0
train/JapaneseSpitz/a173.jpg,7.7,6.6,1,0
train/JapaneseSpitz/a91.jpg,8.9,7.3,1,0
train/JapaneseSpitz/a113.jpg,3.2,2.6,0,0
train/JapaneseSpitz/a162.jpg,7.4,6.5,1,0
train/JapaneseSpitz/a11.jpg,5.8,5.5,1,0
train/JapaneseSpitz/a52.jpg,3.9,3.1,1,0
train/JapaneseSpitz/a183.jpg,6.2,5.6,1,0
train/JapaneseSpitz/a60.jpg,8.2,7.1,0,0
train/JapaneseSpitz/a76.jpg,9.6,7.7,1,0
train/JapaneseSpitz/a112.jpg,9.6,7.7,1,0
train/JapaneseSpitz/a174.jpg,7.6,6.6,1,0
train/JapaneseSpitz/a21.jpg,6.6,6,0,0
train/JapaneseSpitz/a56.jpg,7,6.2,1,0
train/JapaneseSpitz/a140.jpg,3.2,2.6,1,0
train/JapaneseSpitz/a53.jpg,8.1,6.9,1,0
train/JapaneseSpitz/a158.jpg,3.1,2.6,1,0
train/JapaneseSpitz/a159.jpg,6.3,5.8,0,0
train/JapaneseSpitz/a96.jpg,6.7,5.5,0,0
train/JapaneseSpitz/a71.jpg,7.4,6.5,1,0
train/JapaneseSpitz/a103.jpg,8.1,6.9,1,0
train/JapaneseSpitz/a164.jpg,4.2,3.2,1,0
train/JapaneseSpitz/a179.jpg,6.4,5.8,0,0
train/JapaneseSpitz/a36.jpg,9.5,7.7,1,0
train/JapaneseSpitz/a92.jpg,3.1,2.5,1,0
train/JapaneseSpitz/a180.jpg,5.7,5.4,0,0
train/JapaneseSpitz/a8.jpg,4.5,3.8,1,0
train/JapaneseSpitz/a144.jpg,3.2,2.6,1,0
train/JapaneseSpitz/a26.jpg,7.8,6.7,1,0
train/JapaneseSpitz/a127.jpg,6.4,5.8,0,0
train/JapaneseSpitz/a90.jpg,8.8,7.8,1,0
train/JapaneseSpitz/a101.jpg,5.6,4.8,0,0
train/JapaneseSpitz/a177.jpg,8.1,6.9,1,0
train/JapaneseSpitz/a95.jpg,9.6,7.8,1,0
train/JapaneseSpitz/a175.jpg,1.8,1.6,1,0
train/JapaneseSpitz/a123.jpg,8.7,7.2,1,0
train/JapaneseSpitz/a176.jpg,5.3,5.2,0,0
train/JapaneseSpitz/a146.jpg,7.1,6.3,0,0
train/JapaneseSpitz/a31.jpg,6.8,6.1,1,0
train/JapaneseSpitz/a6.jpg,6.6,6,0,0
train/JapaneseSpitz/a137.jpg,9.1,7.5,1,0
train/JapaneseSpitz/a20.jpg,7.1,6.3,0,0
train/JapaneseSpitz/a51.jpg,6.5,5.9,0,0
train/JapaneseSpitz/a131.jpg,9.9,7.9,1,0
train/JapaneseSpitz/a22.jpg,7.5,6.5,1,0
train/JapaneseSpitz/a5.jpg,7.5,6.5,1,0
train/JapaneseSpitz/a43.jpg,4.8,3.5,0,0
train/JapaneseSpitz/a1.jpg,7.6,6.6,1,0
train/JapaneseSpitz/a186.jpg,5.9,5.6,0,0
train/JapaneseSpitz/a120.jpg,9.7,7.8,1,0
train/JapaneseSpitz/a32.jpg,7.2,6.3,1,0
train/JapaneseSpitz/a169.jpg,5.8,5.5,0,0
train/JapaneseSpitz/a99.jpg,9.6,7.7,1,0
train/JapaneseSpitz/a106.jpg,3.2,2.6,1,0
train/JapaneseSpitz/a157.jpg,3.1,2.6,1,0
train/JapaneseSpitz/a19.jpg,3.1,2.6,0,0
train/JapaneseSpitz/a141.jpg,7.8,7.9,0,0
train/JapaneseSpitz/a178.jpg,7.6,10.2,1,0
train/JapaneseSpitz/a115.jpg,3.1,2.5,1,0
train/JapaneseSpitz/a47.jpg,9.6,7.8,1,0
train/JapaneseSpitz/a88.jpg,6.5,6.8,1,0
train/JapaneseSpitz/a165.jpg,3.1,2.5,1,0
train/JapaneseSpitz/a98.jpg,7.4,6.5,1,0
train/JapaneseSpitz/a3.jpg,7.7,6.6,1,0
train/JapaneseSpitz/a163.jpg,2.1,1.4,1,0
train/JapaneseSpitz/a16.jpg,9.6,7.7,1,0
train/JapaneseSpitz/a89.jpg,3.1,2.6,1,0
train/JapaneseSpitz/a118.jpg,5.6,5.4,0,0
train/JapaneseSpitz/a138.jpg,5.8,4.5,0,0
train/JapaneseSpitz/a161.jpg,2.8,2.4,0,0
train/Samoyed/a136.jpg,13.2,6.4,0,2
train/Samoyed/a153.jpg,8.6,4.5,1,2
train/Samoyed/a155.jpg,13.2,6.8,1,2
train/Samoyed/a102.jpg,10.8,4.5,0,2
train/Samoyed/a172.jpg,18.4,7.3,0,2
train/Samoyed/a23.jpg,9.2,5.1,0,2
train/Samoyed/a167.jpg,11.4,5.5,1,2
train/Samoyed/a12.jpg,19.6,8.1,1,2
train/Samoyed/a2.jpg,5,3.1,0,2
train/Samoyed/a269.jpg,15.4,6.8,0,2
train/Samoyed/a248.jpg,8.6,4.2,0,2
train/Samoyed/a110.jpg,16.6,6.8,0,2
train/Samoyed/a142.jpg,18.2,7.8,1,2
train/Samoyed/a209.jpg,14.2,6.5,1,2
train/Samoyed/a225.jpg,11.8,6.5,0,2
train/Samoyed/a300.jpg,7.7,3.8,1,2
train/Samoyed/a266.jpg,9.8,4.5,1,2
train/Samoyed/a116.jpg,8.8,4.2,0,2
train/Samoyed/a327.jpg,5.6,2.3,1,2
train/Samoyed/a322.jpg,15.6,6.4,1,2
train/Samoyed/a100.jpg,8.8,4.2,1,2
train/Samoyed/a231.jpg,13.2,6.7,0,2
train/Samoyed/a257.jpg,8.6,4.5,1,2
train/Samoyed/a309.jpg,21.5,8.4,1,2
train/Samoyed/a25.jpg,15.6,7.2,1,2
train/Samoyed/a34.jpg,10.7,6.4,1,2
train/Samoyed/a323.jpg,12.5,6.3,0,2
train/Samoyed/a244.jpg,17.4,7.1,0,2
train/Samoyed/a208.jpg,12.3,5.9,1,2
train/Samoyed/a275.jpg,22.4,8.8,0,2
train/Samoyed/a133.jpg,9.2,5.1,0,2
train/Samoyed/a139.jpg,14.2,6.5,1,2
train/Samoyed/a109.jpg,6.5,4.2,0,2
train/Samoyed/a13.jpg,19.5,8.7,0,2
train/Samoyed/a195.jpg,12.6,6.2,1,2
train/Samoyed/a273.jpg,11.9,6.1,0,2
train/Samoyed/a277.jpg,18.5,8.1,1,2
train/Samoyed/a250.jpg,9.8,4.5,1,2
train/Samoyed/a299.jpg,11.8,6.5,0,2
train/Samoyed/a64.jpg,15.4,7.7,0,2
train/Samoyed/a94.jpg,18.2,8.2,0,2
train/Samoyed/a74.jpg,15.4,7.6,0,2
train/Samoyed/a70.jpg,19.5,7.9,1,2
train/Samoyed/a61.jpg,12.3,6.7,0,2
train/Samoyed/a303.jpg,15.6,7.1,0,2
train/Samoyed/a235.jpg,12.3,5.5,0,2
train/Samoyed/a181.jpg,11.8,6.1,0,2
train/Samoyed/a185.jpg,10.7,6.1,0,2
train/Samoyed/a77.jpg,10.6,5.2,0,2
train/Samoyed/a193.jpg,5.2,2.6,0,2
train/Samoyed/a317.jpg,16.1,7.5,1,2
train/Samoyed/a151.jpg,4.2,2.3,1,2
train/Samoyed/a27.jpg,13.2,5.8,0,2
train/Samoyed/a288.jpg,8.6,4.2,0,2
train/Samoyed/a285.jpg,20.4,8.4,1,2
train/Samoyed/a215.jpg,13.1,6.7,1,2
train/Samoyed/a33.jpg,16.5,7.3,0,2
train/Samoyed/a326.jpg,11.8,6.5,0,2
train/Samoyed/a132.jpg,8.9,5.4,1,2
train/Samoyed/a280.jpg,15.6,7.1,0,2
train/Samoyed/a121.jpg,4.2,2.3,1,2
train/Samoyed/a320.jpg,7.2,4.8,1,2
train/Samoyed/a292.jpg,9.4,4.6,1,2
train/Samoyed/a41.jpg,11.4,5.5,1,2
train/Samoyed/a294.jpg,15.6,7.2,1,2
train/Samoyed/a125.jpg,11.8,6.1,0,2
train/Samoyed/a318.jpg,17.2,7.2,1,2
train/Samoyed/a72.jpg,15.6,7.2,0,2
train/Samoyed/a63.jpg,11.4,5.8,1,2
train/Samoyed/a59.jpg,10.3,5.9,0,2
train/Samoyed/a126.jpg,13.5,6.8,1,2
train/Samoyed/a233.jpg,16.4,7.1,1,2
train/Samoyed/a311.jpg,14.2,6.5,1,2
train/Samoyed/a49.jpg,9.3,5.2,0,2
train/Samoyed/a166.jpg,21.5,8.9,1,2
train/Samoyed/a154.jpg,4.3,2.2,0,2
train/Samoyed/a82.jpg,5.1,2.5,0,2
train/Samoyed/a197.jpg,20.8,9.1,0,2
train/Samoyed/a211.jpg,9.8,4.5,1,2
train/Samoyed/a114.jpg,15.2,6.4,1,2
train/Samoyed/a295.jpg,13.5,6.8,1,2
train/Samoyed/a148.jpg,10.3,5.4,0,2
train/Samoyed/a330.jpg,12.8,6.7,1,2
train/Samoyed/a301.jpg,23.5,9.6,1,2
train/Samoyed/a68.jpg,16.5,7.3,0,2
train/Samoyed/a45.jpg,14.2,6.5,1,2
train/Samoyed/a293.jpg,8.4,4.1,0,2
train/Samoyed/a279.jpg,12.6,6.4,1,2
train/Samoyed/a24.jpg,4.8,2.6,1,2
train/Samoyed/a62.jpg,5.4,3.1,0,2
train/Samoyed/a129.jpg,19.8,8.9,1,2
train/Samoyed/a38.jpg,18.2,8.2,0,2
train/Samoyed/a187.jpg,10.5,6.1,1,2
train/Samoyed/a46.jpg,15.6,6.4,1,2
train/Samoyed/a75.jpg,17.2,7.5,0,2
train/Samoyed/a218.jpg,21.5,10.1,0,2
train/Samoyed/a42.jpg,5,3.1,0,2
train/Samoyed/a189.jpg,7.2,4.8,1,2
train/Samoyed/a229.jpg,19.2,9.1,0,2
train/Samoyed/a83.jpg,18.8,8.9,1,2
train/Samoyed/a261.jpg,17.8,7.6,0,2
train/Samoyed/a14.jpg,12.5,6.7,1,2
train/Samoyed/a143.jpg,14.5,6.8,0,2
train/Samoyed/a228.jpg,15.4,7.6,0,2
train/Samoyed/a239.jpg,9.2,5.1,1,2
train/Samoyed/a135.jpg,21.5,9.2,0,2
train/Samoyed/a87.jpg,4.8,2.6,1,2
train/Samoyed/a50.jpg,10.5,6.1,1,2
train/Samoyed/a10.jpg,16.3,7.6,1,2
train/Samoyed/a85.jpg,9.2,5.1,0,2
train/Samoyed/a40.jpg,11.8,6.5,0,2
train/Samoyed/a65.jpg,22.4,8.8,0,2
train/Samoyed/a242.jpg,11.8,6.1,0,2
train/Samoyed/a9.jpg,15.3,6.8,0,2
train/Samoyed/a108.jpg,7.1,4.5,1,2
train/Samoyed/a134.jpg,17.7,7.8,0,2
train/Samoyed/a130.jpg,10.1,4.8,0,2
train/Samoyed/a80.jpg,12.3,5.5,0,2
train/Samoyed/a170.jpg,16.6,6.8,0,2
train/Samoyed/a18.jpg,13.2,6.4,0,2
train/Samoyed/a67.jpg,16.4,7.1,1,2
train/Samoyed/a156.jpg,8.7,4.3,0,2
train/Samoyed/a79.jpg,25.5,9.5,0,2
train/Samoyed/a243.jpg,8.8,4.2,1,2
train/Samoyed/a259.jpg,16.5,5.5,1,2
train/Samoyed/a160.jpg,23.7,10.2,0,2
train/Samoyed/a119.jpg,5.6,2.3,1,2
train/Samoyed/a29.jpg,8.8,4.2,0,2
train/Samoyed/a234.jpg,9.2,5.1,1,2
train/Samoyed/a39.jpg,19.5,10.2,1,2
train/Samoyed/a184.jpg,19.5,10.2,1,2
train/Samoyed/a44.jpg,5.4,2.6,0,2
train/Samoyed/a57.jpg,12.5,6.7,1,2
train/Samoyed/a17.jpg,11.5,5.9,1,2
train/Samoyed/a35.jpg,12.8,6.2,0,2
train/Samoyed/a319.jpg,18.5,8.1,1,2
train/Samoyed/a150.jpg,7.1,4.5,1,2
train/Samoyed/a69.jpg,21.5,9.2,0,2
train/Samoyed/a152.jpg,12.5,5.8,0,2
train/Samoyed/a329.jpg,10.7,5.8,1,2
train/Samoyed/a220.jpg,23.5,9.5,0,2
train/Samoyed/a219.jpg,10.7,6.4,1,2
train/Samoyed/a48.jpg,13.2,6.4,0,2
train/Samoyed/a54.jpg,10.2,5.6,1,2
train/Samoyed/a55.jpg,14.2,6.5,1,2
train/Samoyed/a7.jpg,5.1,2.5,0,2
train/Samoyed/a201.jpg,14.2,6.5,0,2
train/Samoyed/a314.jpg,10.8,4.5,0,2
train/Samoyed/a206.jpg,10.3,5.9,0,2
train/Samoyed/a216.jpg,13.5,6.8,1,2
train/Samoyed/a188.jpg,15.6,7.1,0,2
train/Samoyed/a324.jpg,22.3,9.2,1,2
train/Samoyed/a240.jpg,19.7,8.1,1,2
train/Samoyed/a97.jpg,7.5,3.8,0,2
train/Samoyed/a124.jpg,12.8,6.7,1,2
train/Samoyed/a182.jpg,20.1,8.2,0,2
train/Samoyed/a232.jpg,22.4,8.8,1,2
train/Samoyed/a122.jpg,8.3,4.9,1,2
train/Samoyed/a128.jpg,15.3,6.8,0,2
train/Samoyed/a117.jpg,5.4,2.6,0,2
train/Samoyed/a105.jpg,15.6,6.4,1,2
train/Samoyed/a325.jpg,11.5,6.5,1,2
train/Samoyed/a145.jpg,4.8,2.1,0,2
train/Samoyed/a254.jpg,8.6,4.9,0,2
train/Samoyed/a86.jpg,17.2,7.5,0,2
train/Samoyed/a274.jpg,25.5,9.5,0,2
train/Samoyed/a290.jpg,9.4,4.6,1,2
train/Samoyed/a4.jpg,17.6,8.8,0,2
train/Samoyed/a37.jpg,12.5,5.8,0,2
train/Samoyed/a282.jpg,9.2,5.1,0,2
train/Samoyed/a256.jpg,4.8,2.1,0,2
train/Samoyed/a296.jpg,13.2,5.8,0,2
train/Samoyed/a84.jpg,9.1,4.2,1,2
train/Samoyed/a30.jpg,22.3,12,1,2
train/Samoyed/a298.jpg,7.7,3.8,1,2
train/Samoyed/a93.jpg,11.9,6.1,0,2
train/Samoyed/a58.jpg,15.4,7.7,0,2
train/Samoyed/a73.jpg,15.6,7.1,0,2
train/Samoyed/a168.jpg,9.1,4.2,1,2
train/Samoyed/a66.jpg,11.5,5.9,1,2
train/Samoyed/a81.jpg,15.4,7.7,0,2
train/Samoyed/a223.jpg,17.8,7.6,0,2
train/Samoyed/a270.jpg,14.2,6.1,0,2
train/Samoyed/a171.jpg,10.5,6.1,1,2
train/Samoyed/a199.jpg,13.8,7.7,0,2
train/Samoyed/a297.jpg,11.4,5.5,0,2
train/Samoyed/a281.jpg,16.1,7.5,1,2
train/Samoyed/a78.jpg,12.3,5.9,1,2
train/Samoyed/a268.jpg,14.2,6.5,1,2
train/Samoyed/a202.jpg,11.2,5.7,1,2
train/Samoyed/a258.jpg,4.8,1.6,0,2
train/Samoyed/a15.jpg,19.5,8.7,0,2
train/Samoyed/a310.jpg,12.3,6.7,0,2
train/Samoyed/a111.jpg,12.6,6.2,1,2
train/Samoyed/a149.jpg,14.2,6.8,1,2
train/Samoyed/a107.jpg,10.7,5.8,1,2
train/Samoyed/a147.jpg,18.9,7.9,1,2
train/Samoyed/a241.jpg,10.2,5.5,0,2
train/Samoyed/a28.jpg,7.8,3.7,1,2
train/Samoyed/a245.jpg,18.9,7.9,1,2
train/Samoyed/a104.jpg,14.5,6.8,0,2
train/Samoyed/a173.jpg,15.8,7.5,0,2
train/Samoyed/a91.jpg,20.3,8.6,1,2
train/Samoyed/a278.jpg,14.2,6.5,1,2
train/Samoyed/a113.jpg,11.4,5.5,1,2
train/Samoyed/a217.jpg,11.5,5.9,1,2
train/Samoyed/a204.jpg,15.8,7.5,0,2
train/Samoyed/a284.jpg,17.2,7.2,1,2
train/Samoyed/a162.jpg,16.4,7.1,1,2
train/Samoyed/a205.jpg,8.4,4.1,0,2
train/Samoyed/a315.jpg,19.5,7.9,1,2
train/Samoyed/a11.jpg,11.4,5.5,1,2
train/Samoyed/a302.jpg,18.1,8.7,0,2
train/Samoyed/a237.jpg,19.5,7.9,1,2
train/Samoyed/a227.jpg,9.2,5.1,0,2
train/Samoyed/a226.jpg,19.5,8.5,0,2
train/Samoyed/a52.jpg,12.2,6.2,0,2
train/Samoyed/a183.jpg,8.4,4.1,0,2
train/Samoyed/a212.jpg,8.3,4.9,1,2
train/Samoyed/a60.jpg,10.1,4.8,0,2
train/Samoyed/a76.jpg,14.2,6.5,1,2
train/Samoyed/a112.jpg,11.8,6.5,0,2
train/Samoyed/a174.jpg,23.7,10.2,0,2
train/Samoyed/a260.jpg,12.5,6.7,1,2
train/Samoyed/a210.jpg,15.3,6.8,0,2
train/Samoyed/a21.jpg,17.8,7.6,0,2
train/Samoyed/a249.jpg,5.4,2.6,0,2
train/Samoyed/a56.jpg,5.1,2.5,0,2
train/Samoyed/a140.jpg,7.3,4.5,1,2
train/Samoyed/a53.jpg,11.5,6.5,1,2
train/Samoyed/a158.jpg,7.2,3.8,1,2
train/Samoyed/a159.jpg,10.2,5.5,0,2
train/Samoyed/a96.jpg,14.8,7.1,1,2
train/Samoyed/a255.jpg,7.5,3.8,0,2
train/Samoyed/a71.jpg,11.4,5.5,0,2
train/Samoyed/a213.jpg,7.3,4.5,1,2
train/Samoyed/a103.jpg,7.6,4.3,0,2
train/Samoyed/a164.jpg,19.7,8.1,1,2
train/Samoyed/a179.jpg,10.8,4.5,0,2
train/Samoyed/a287.jpg,19.5,7.8,0,2
train/Samoyed/a36.jpg,14.2,6.5,0,2
train/Samoyed/a92.jpg,11.9,6.1,0,2
train/Samoyed/a180.jpg,19.5,7.8,0,2
train/Samoyed/a307.jpg,21.5,8.4,1,2
train/Samoyed/a305.jpg,17.2,7.2,0,2
train/Samoyed/a8.jpg,5.6,2.3,1,2
train/Samoyed/a192.jpg,5.4,3.1,0,2
train/Samoyed/a144.jpg,6.5,4.2,0,2
train/Samoyed/a264.jpg,5.2,2.6,0,2
train/Samoyed/a26.jpg,18.5,8.1,1,2
train/Samoyed/a291.jpg,11.5,6.5,1,2
train/Samoyed/a127.jpg,11.8,6.5,0,2
train/Samoyed/a90.jpg,23.7,10.2,1,2
train/Samoyed/a308.jpg,10.3,5.4,0,2
train/Samoyed/a194.jpg,12.3,6.7,0,2
train/Samoyed/a247.jpg,5.2,2.6,0,2
train/Samoyed/a321.jpg,20.1,8.9,1,2
train/Samoyed/a101.jpg,17.2,7.2,0,2
train/Samoyed/a200.jpg,10.3,5.4,0,2
train/Samoyed/a177.jpg,10.2,5.5,0,2
train/Samoyed/a312.jpg,12.4,6.4,1,2
train/Samoyed/a214.jpg,14.2,6.5,0,2
train/Samoyed/a263.jpg,9.2,5.1,0,2
train/Samoyed/a95.jpg,19.5,10.2,1,2
train/Samoyed/a175.jpg,17.7,7.8,0,2
train/Samoyed/a123.jpg,13.2,6.4,1,2
train/Samoyed/a176.jpg,23.4,8.9,0,2
train/Samoyed/a146.jpg,25.5,9.5,0,2
train/Samoyed/a31.jpg,19.5,7.9,1,2
train/Samoyed/a6.jpg,8.8,4.2,1,2
train/Samoyed/a137.jpg,4.8,2.1,0,2
train/Samoyed/a20.jpg,10.6,5.2,0,2
train/Samoyed/a304.jpg,10.6,5.2,0,2
train/Samoyed/a196.jpg,9.2,5.1,1,2
train/Samoyed/a221.jpg,17.7,7.8,0,2
train/Samoyed/a207.jpg,13.2,6.4,1,2
train/Samoyed/a253.jpg,5.4,3.1,0,2
train/Samoyed/a198.jpg,10.7,6.1,0,2
train/Samoyed/a316.jpg,13.2,6.8,1,2
train/Samoyed/a51.jpg,11.4,5.9,1,2
train/Samoyed/a131.jpg,10.7,4.8,1,2
train/Samoyed/a22.jpg,18.9,7.9,1,2
train/Samoyed/a236.jpg,8.6,4.5,1,2
train/Samoyed/a5.jpg,15.2,6.4,1,2
train/Samoyed/a265.jpg,5,3.1,0,2
train/Samoyed/a267.jpg,9.2,5.1,0,2
train/Samoyed/a271.jpg,23.7,10.2,1,2
train/Samoyed/a313.jpg,23.4,8.9,0,2
train/Samoyed/a203.jpg,11.4,5.5,0,2
train/Samoyed/a328.jpg,22.4,8.8,0,2
train/Samoyed/a222.jpg,4.8,2.1,0,2
train/Samoyed/a43.jpg,7.1,4.5,1,2
train/Samoyed/a289.jpg,4.2,2.3,1,2
train/Samoyed/a252.jpg,23.7,10.2,0,2
train/Samoyed/a1.jpg,16.6,6.8,0,2
train/Samoyed/a186.jpg,12.8,6.7,1,2
train/Samoyed/a120.jpg,13.2,6.4,1,2
train/Samoyed/a32.jpg,19.5,8.7,0,2
train/Samoyed/a169.jpg,7.1,4.5,1,2
train/Samoyed/a246.jpg,8.3,4.9,1,2
train/Samoyed/a99.jpg,14.5,6.8,0,2
train/Samoyed/a106.jpg,11.2,5.8,0,2
train/Samoyed/a157.jpg,8.4,4.1,0,2
train/Samoyed/a19.jpg,21.5,8.4,1,2
train/Samoyed/a141.jpg,20.8,8.5,1,2
train/Samoyed/a306.jpg,22.4,8.8,1,2
train/Samoyed/a191.jpg,11.2,5.8,0,2
train/Samoyed/a276.jpg,13.2,5.8,0,2
train/Samoyed/a224.jpg,5.6,2.4,0,2
train/Samoyed/a178.jpg,22.3,9.2,1,2
train/Samoyed/a115.jpg,12.5,6.4,1,2
train/Samoyed/a47.jpg,19.8,8.9,1,2
train/Samoyed/a88.jpg,10.2,5.5,0,2
train/Samoyed/a283.jpg,12.5,6.3,0,2
train/Samoyed/a165.jpg,13.2,6.4,0,2
train/Samoyed/a98.jpg,16.4,7.1,1,2
train/Samoyed/a3.jpg,11.4,5.8,1,2
train/Samoyed/a163.jpg,15.8,7.5,0,2
train/Samoyed/a16.jpg,15.6,7.1,0,2
train/Samoyed/a230.jpg,17.2,7.2,1,2
train/Samoyed/a89.jpg,11.2,5.8,0,2
train/Samoyed/a190.jpg,17.2,7.5,0,2
train/Samoyed/a286.jpg,9.4,4.6,1,2
train/Samoyed/a118.jpg,11.2,5.7,1,2
train/Samoyed/a272.jpg,7.2,4.8,1,2
train/Samoyed/a138.jpg,7.2,3.8,1,2
train/Samoyed/a251.jpg,14.2,6.5,1,2
train/Samoyed/a161.jpg,15.6,7.2,0,2
train/Samoyed/a262.jpg,12.3,5.9,1,2
train/Samoyed/a238.jpg,12.5,5.8,0,2
train/Huskie/a136.jpg,15.6,7.5,0,2
train/Huskie/a153.jpg,16.4,7.5,0,3
train/Huskie/a155.jpg,21.3,8.9,1,3
train/Huskie/a102.jpg,14.5,7.2,0,3
train/Huskie/a172.jpg,15.3,7.1,1,3
train/Huskie/a23.jpg,8.7,4.5,0,3
train/Huskie/a167.jpg,19.4,8.2,0,3
train/Huskie/a12.jpg,8.8,4.5,1,3
train/Huskie/a2.jpg,19.2,7.7,0,3
train/Huskie/a335.jpg,19.5,8.1,0,3
train/Huskie/a269.jpg,13.5,6.2,0,3
train/Huskie/a248.jpg,18.5,8.2,1,3
train/Huskie/a110.jpg,12.8,6.5,0,3
train/Huskie/a142.jpg,18.3,7.8,1,3
train/Huskie/a209.jpg,18.2,8.2,1,3
train/Huskie/a225.jpg,21.5,15,1,3
train/Huskie/a300.jpg,14.5,6.9,0,3
train/Huskie/a266.jpg,11.8,6.2,0,3
train/Huskie/a116.jpg,17.5,6.9,1,3
train/Huskie/a327.jpg,21.5,9.5,0,3
train/Huskie/a322.jpg,13.7,6.9,1,3
train/Huskie/a100.jpg,21.3,8.9,1,3
train/Huskie/a231.jpg,12.6,6.4,0,3
train/Huskie/a257.jpg,11.2,6.1,0,3
train/Huskie/a309.jpg,14.2,6.6,0,3
train/Huskie/a25.jpg,14.5,6.9,0,3
train/Huskie/a350.jpg,19.3,8.4,1,3
train/Huskie/a34.jpg,21.3,8.2,0,3
train/Huskie/a323.jpg,13.5,6.8,1,3
train/Huskie/a244.jpg,19.4,8.2,0,3
train/Huskie/a208.jpg,15.3,7.1,1,3
train/Huskie/a275.jpg,12.9,6.2,0,3
train/Huskie/a133.jpg,15.4,6.8,1,3
train/Huskie/a139.jpg,17.3,7.2,1,3
train/Huskie/a109.jpg,12.8,6.8,0,3
train/Huskie/a13.jpg,12.8,6.3,1,3
train/Huskie/a195.jpg,22.1,8.9,1,3
train/Huskie/a273.jpg,11.8,6.2,0,3
train/Huskie/a277.jpg,12.5,6.5,0,3
train/Huskie/a250.jpg,13.2,7.1,0,3
train/Huskie/a299.jpg,12.7,6.8,1,3
train/Huskie/a64.jpg,13.4,6.2,0,3
train/Huskie/a94.jpg,18.5,7.9,1,3
train/Huskie/a74.jpg,11.2,6.1,0,3
train/Huskie/a70.jpg,15.2,7.3,0,3
train/Huskie/a61.jpg,14.1,6.9,1,3
train/Huskie/a303.jpg,19.8,8.1,1,3
train/Huskie/a235.jpg,20.6,7.8,0,3
train/Huskie/a181.jpg,20.8,9.4,0,3
train/Huskie/a185.jpg,22.8,7.9,0,3
train/Huskie/a77.jpg,17.5,7.8,0,3
train/Huskie/a193.jpg,13.5,6.5,0,3
train/Huskie/a317.jpg,18.9,8.2,1,3
train/Huskie/a151.jpg,18.2,7.9,0,3
train/Huskie/a27.jpg,19.3,8.4,0,3
train/Huskie/a288.jpg,19.4,8.1,0,3
train/Huskie/a285.jpg,10.8,5.6,0,3
train/Huskie/a215.jpg,13.2,6.7,1,3
train/Huskie/a339.jpg,17.5,8.1,1,3
train/Huskie/a340.jpg,12.6,6.5,0,3
train/Huskie/a333.jpg,18.2,8.4,1,3
train/Huskie/a33.jpg,16.5,7.5,0,3
train/Huskie/a326.jpg,12.7,6.8,1,3
train/Huskie/a132.jpg,18.2,8.4,1,3
train/Huskie/a348.jpg,17.6,7.5,0,3
train/Huskie/a280.jpg,14.6,7,1,3
train/Huskie/a121.jpg,10.5,5.8,0,3
train/Huskie/a320.jpg,18.2,8.2,0,3
train/Huskie/a292.jpg,13.5,6.5,0,3
train/Huskie/a41.jpg,19.5,8.1,0,3
train/Huskie/a294.jpg,23.5,8.6,1,3
train/Huskie/a125.jpg,18.2,8.2,1,3
train/Huskie/a318.jpg,20.5,9.1,0,3
train/Huskie/a72.jpg,18.5,8.2,1,3
train/Huskie/a63.jpg,12.9,6.2,1,3
train/Huskie/a59.jpg,10.5,5.8,0,3
train/Huskie/a126.jpg,23.4,7.8,0,3
train/Huskie/a233.jpg,20.4,9.2,1,3
train/Huskie/a311.jpg,7.9,4.1,1,3
train/Huskie/a49.jpg,15.2,7.3,1,3
train/Huskie/a166.jpg,18.9,8.2,0,3
train/Huskie/a154.jpg,17.7,7.9,0,3
train/Huskie/a82.jpg,21.6,9.2,1,3
train/Huskie/a197.jpg,19.3,8.2,1,3
train/Huskie/a211.jpg,18.5,8.2,1,3
train/Huskie/a114.jpg,17.5,8.3,1,3
train/Huskie/a295.jpg,12.8,6.3,1,3
train/Huskie/a148.jpg,18.2,7.8,0,3
train/Huskie/a330.jpg,14.3,6.8,1,3
train/Huskie/a301.jpg,19.2,7.7,0,3
train/Huskie/a68.jpg,18.6,8.5,0,3
train/Huskie/a45.jpg,21.3,9.4,1,3
train/Huskie/a293.jpg,16.4,7.5,0,3
train/Huskie/a279.jpg,12.5,6.5,0,3
train/Huskie/a24.jpg,12.9,6.2,1,3
train/Huskie/a62.jpg,12.5,6.9,0,3
train/Huskie/a129.jpg,13.2,6.7,1,3
train/Huskie/a38.jpg,13.4,6.2,0,3
train/Huskie/a187.jpg,21.5,8.6,0,3
train/Huskie/a46.jpg,19.4,8.1,0,3
train/Huskie/a75.jpg,18.9,8.2,0,3
train/Huskie/a218.jpg,11.8,6.2,0,3
train/Huskie/a42.jpg,14.3,6.8,1,3
train/Huskie/a343.jpg,20.4,9.2,1,3
train/Huskie/a189.jpg,15.6,7.5,1,3
train/Huskie/a229.jpg,12.7,6.5,0,3
train/Huskie/a83.jpg,18.2,7.9,0,3
train/Huskie/a261.jpg,20.5,7.8,1,3
train/Huskie/a14.jpg,13.7,6.8,1,3
train/Huskie/a143.jpg,12.7,6.4,1,3
train/Huskie/a228.jpg,21.5,15,1,3
train/Huskie/a239.jpg,13.2,6.5,0,3
train/Huskie/a135.jpg,13.4,6.2,0,3
train/Huskie/a87.jpg,19.4,8.2,0,3
train/Huskie/a50.jpg,14.2,6.6,0,3
train/Huskie/a10.jpg,13.2,7.1,0,3
train/Huskie/a85.jpg,18.4,7.8,0,3
train/Huskie/a40.jpg,13.5,6.8,0,3
train/Huskie/a65.jpg,22.5,10.6,0,3
train/Huskie/a242.jpg,11.2,6.1,0,3
train/Huskie/a351.jpg,13.2,6.3,1,3
train/Huskie/a9.jpg,13.5,6.2,0,3
train/Huskie/a108.jpg,12.7,6.4,1,3
train/Huskie/a134.jpg,14.1,6.9,1,3
train/Huskie/a130.jpg,14.3,6.8,1,3
train/Huskie/a80.jpg,13.4,6.2,0,3
train/Huskie/a170.jpg,20.5,7.8,1,3
train/Huskie/a18.jpg,20.8,9.1,1,3
train/Huskie/a67.jpg,19.7,7.7,0,3
train/Huskie/a342.jpg,18.2,7.9,0,3
train/Huskie/a156.jpg,20.4,9.2,1,3
train/Huskie/a79.jpg,18.4,7.8,0,3
train/Huskie/a243.jpg,21.8,9.5,1,3
train/Huskie/a259.jpg,20.5,7.8,1,3
train/Huskie/a160.jpg,19.4,8.1,0,3
train/Huskie/a119.jpg,18.9,8.2,1,3
train/Huskie/a29.jpg,12.7,6.8,1,3
train/Huskie/a234.jpg,18.4,7.8,0,3
train/Huskie/a39.jpg,7.9,4.1,1,3
train/Huskie/a184.jpg,18.3,7.7,0,3
train/Huskie/a345.jpg,22.5,10.6,0,3
train/Huskie/a353.jpg,21.3,8.9,1,3
train/Huskie/a44.jpg,13.1,6.5,1,3
train/Huskie/a57.jpg,17.5,7.6,1,3
train/Huskie/a17.jpg,18.5,7.9,1,3
train/Huskie/a35.jpg,12.7,6.4,1,3
train/Huskie/a319.jpg,19.5,7.6,0,3
train/Huskie/a150.jpg,13.1,6.4,1,3
train/Huskie/a69.jpg,11.6,5.8,0,3
train/Huskie/a152.jpg,10.5,5.4,0,3
train/Huskie/a337.jpg,14.5,6.9,0,3
train/Huskie/a329.jpg,13.1,6.4,1,3
train/Huskie/a220.jpg,13.2,7.1,0,3
train/Huskie/a219.jpg,8.8,4.5,1,3
train/Huskie/a48.jpg,14.1,6.9,1,3
train/Huskie/a54.jpg,21.3,8.2,0,3
train/Huskie/a55.jpg,14.2,6.6,0,3
train/Huskie/a7.jpg,14.6,7,1,3
train/Huskie/a201.jpg,17.7,6.4,1,3
train/Huskie/a314.jpg,13.2,7.1,0,3
train/Huskie/a206.jpg,17.6,7.5,0,3
train/Huskie/a216.jpg,18.2,8.4,1,3
train/Huskie/a188.jpg,15.4,6.8,1,3
train/Huskie/a324.jpg,17.6,7.4,1,3
train/Huskie/a240.jpg,15.6,7.5,1,3
train/Huskie/a97.jpg,19.4,7.6,1,3
train/Huskie/a124.jpg,17.7,7.9,0,3
train/Huskie/a182.jpg,5.2,2.6,1,3
train/Huskie/a232.jpg,18.1,7.6,0,3
train/Huskie/a347.jpg,12.6,6.5,0,3
train/Huskie/a122.jpg,13.5,6.8,0,3
train/Huskie/a128.jpg,17.3,7.2,1,3
train/Huskie/a332.jpg,18.2,8.4,1,3
train/Huskie/a117.jpg,17.5,7.8,0,3
train/Huskie/a105.jpg,15.2,7.3,1,3
train/Huskie/a325.jpg,20.3,8.7,0,3
train/Huskie/a145.jpg,18.2,8.2,0,3
train/Huskie/a254.jpg,17.5,7.8,1,3
train/Huskie/a86.jpg,20.6,7.8,0,3
train/Huskie/a274.jpg,10.8,5.6,0,3
train/Huskie/a290.jpg,8.7,4.5,0,3
train/Huskie/a4.jpg,13.1,6.2,0,3
train/Huskie/a37.jpg,15.3,7.1,1,3
train/Huskie/a282.jpg,18.2,8.2,0,3
train/Huskie/a256.jpg,18.9,8.2,1,3
train/Huskie/a296.jpg,21.3,8.9,1,3
train/Huskie/a84.jpg,18.9,8.2,1,3
train/Huskie/a30.jpg,21.8,9.5,0,3
train/Huskie/a298.jpg,13.1,6.2,0,3
train/Huskie/a93.jpg,15.3,7.1,1,3
train/Huskie/a58.jpg,18.5,7.9,1,3
train/Huskie/a73.jpg,13.5,6.8,0,3
train/Huskie/a168.jpg,13.1,6.5,1,3
train/Huskie/a66.jpg,19.5,7.6,0,3
train/Huskie/a81.jpg,15.2,7.8,0,3
train/Huskie/a223.jpg,12.8,6.8,0,3
train/Huskie/a270.jpg,12.5,6.5,0,3
train/Huskie/a171.jpg,12.6,6.5,0,3
train/Huskie/a199.jpg,18.8,7.8,1,3
train/Huskie/a297.jpg,19.3,8.4,0,3
train/Huskie/a281.jpg,12.6,6.4,0,3
train/Huskie/a78.jpg,12.5,6.9,0,3
train/Huskie/a268.jpg,13.1,6.2,0,3
train/Huskie/a202.jpg,19.5,9.4,0,3
train/Huskie/a258.jpg,18.6,7.5,0,3
train/Huskie/a15.jpg,7.9,4.1,1,3
train/Huskie/a310.jpg,13.5,6.6,0,3
train/Huskie/a111.jpg,18.5,7.9,0,3
train/Huskie/a149.jpg,12.8,6.5,0,3
train/Huskie/a107.jpg,18.3,7.7,0,3
train/Huskie/a147.jpg,21.5,15,1,3
train/Huskie/a241.jpg,18.4,8.1,0,3
train/Huskie/a28.jpg,18.4,8.1,0,3
train/Huskie/a245.jpg,17.2,7.8,1,3
train/Huskie/a104.jpg,18.6,7.5,1,3
train/Huskie/a173.jpg,19.3,8.4,1,3
train/Huskie/a91.jpg,8.8,4.5,1,3
train/Huskie/a278.jpg,23.5,9.1,1,3
train/Huskie/a113.jpg,13.1,6.4,0,3
train/Huskie/a217.jpg,13.2,6.7,1,3
train/Huskie/a204.jpg,20.1,8.3,1,3
train/Huskie/a352.jpg,21.8,9.5,1,3
train/Huskie/a284.jpg,10.5,5.8,0,3
train/Huskie/a162.jpg,17.6,7.5,0,3
train/Huskie/a205.jpg,22.8,7.9,0,3
train/Huskie/a315.jpg,17.5,8.2,1,3
train/Huskie/a11.jpg,13.1,6.4,0,3
train/Huskie/a302.jpg,13.2,6.3,1,3
train/Huskie/a237.jpg,13.5,6.8,1,3
train/Huskie/a227.jpg,12.5,6.9,0,3
train/Huskie/a226.jpg,17.7,7.9,0,3
train/Huskie/a52.jpg,19.2,8.3,1,3
train/Huskie/a183.jpg,19.6,9.2,0,3
train/Huskie/a212.jpg,19.8,8.1,1,3
train/Huskie/a60.jpg,11.8,6.1,0,3
train/Huskie/a76.jpg,12.9,6.2,0,3
train/Huskie/a338.jpg,23.5,9.1,1,3
train/Huskie/a112.jpg,19.2,7.7,0,3
train/Huskie/a174.jpg,13.1,6.5,1,3
train/Huskie/a260.jpg,14.5,7.2,0,3
train/Huskie/a210.jpg,19.9,8.7,1,3
train/Huskie/a21.jpg,13.2,6.5,0,3
train/Huskie/a249.jpg,15.2,7.8,0,3
train/Huskie/a56.jpg,15.2,7.3,0,3
train/Huskie/a331.jpg,12.8,6.5,0,3
train/Huskie/a140.jpg,21.3,8.2,0,3
train/Huskie/a53.jpg,17.2,7.8,1,3
train/Huskie/a158.jpg,15.2,7.8,0,3
train/Huskie/a159.jpg,11.8,6.1,0,3
train/Huskie/a96.jpg,19.5,7.6,0,3
train/Huskie/a349.jpg,19.4,8.2,0,3
train/Huskie/a255.jpg,8.8,4.5,1,3
train/Huskie/a71.jpg,17.5,7.8,0,3
train/Huskie/a213.jpg,17.5,8.3,1,3
train/Huskie/a103.jpg,17.3,7.2,1,3
train/Huskie/a164.jpg,17.3,7.2,1,3
train/Huskie/a179.jpg,13.5,6.8,1,3
train/Huskie/a287.jpg,22.4,8.7,0,3
train/Huskie/a346.jpg,17.5,7.6,1,3
train/Huskie/a36.jpg,16.5,7.5,1,3
train/Huskie/a92.jpg,20.5,9.1,0,3
train/Huskie/a180.jpg,13.1,6.2,0,3
train/Huskie/a307.jpg,15.2,7.3,0,3
train/Huskie/a305.jpg,19.8,8.1,1,3
train/Huskie/a8.jpg,13.1,6.4,1,3
train/Huskie/a336.jpg,15.2,7.3,1,3
train/Huskie/a341.jpg,19.6,9.2,0,3
train/Huskie/a192.jpg,23.4,7.8,0,3
train/Huskie/a144.jpg,19.3,8.4,0,3
train/Huskie/a264.jpg,7.9,4.1,1,3
train/Huskie/a26.jpg,12.6,6.5,0,3
train/Huskie/a291.jpg,18.8,8.1,1,3
train/Huskie/a127.jpg,19.8,8.1,1,3
train/Huskie/a90.jpg,23.5,8.6,1,3
train/Huskie/a308.jpg,19.3,8.4,1,3
train/Huskie/a194.jpg,20.1,8.3,1,3
train/Huskie/a247.jpg,14.2,6.9,1,3
train/Huskie/a321.jpg,23.5,10.5,1,3
train/Huskie/a334.jpg,23.4,7.8,0,3
train/Huskie/a101.jpg,17.2,7.8,1,3
train/Huskie/a200.jpg,11.2,6.1,0,3
train/Huskie/a344.jpg,15.4,6.8,1,3
train/Huskie/a177.jpg,15.2,7.8,0,3
train/Huskie/a312.jpg,12.5,6.5,0,3
train/Huskie/a214.jpg,16.5,7.5,1,3
train/Huskie/a263.jpg,11.8,6.1,0,3
train/Huskie/a95.jpg,17.5,7.8,0,3
train/Huskie/a175.jpg,12.7,6.5,0,3
train/Huskie/a123.jpg,13.2,6.3,1,3
train/Huskie/a176.jpg,18.5,8.2,1,3
train/Huskie/a146.jpg,15.6,7.5,1,3
train/Huskie/a31.jpg,12.8,6.3,1,3
train/Huskie/a6.jpg,18.9,8.2,0,3
train/Huskie/a137.jpg,21.6,9.2,1,3
train/Huskie/a20.jpg,19.5,8.1,0,3
train/Huskie/a304.jpg,17.5,8.3,1,3
train/Huskie/a196.jpg,14.1,6.9,1,3
train/Huskie/a221.jpg,20.4,8.4,1,3
train/Huskie/a207.jpg,15.2,7.3,0,3
train/Huskie/a253.jpg,18.2,7.9,1,3
train/Huskie/a198.jpg,18.6,7.9,0,3
train/Huskie/a316.jpg,12.7,6.8,1,3
train/Huskie/a51.jpg,11.8,6.2,0,3
train/Huskie/a131.jpg,12.9,6.2,1,3
train/Huskie/a22.jpg,18.2,7.9,0,3
train/Huskie/a236.jpg,21.3,8.2,0,3
train/Huskie/a5.jpg,14.6,7,1,3
train/Huskie/a265.jpg,21.5,9.5,0,3
train/Huskie/a267.jpg,21.8,9.5,0,3
train/Huskie/a271.jpg,18.6,8.5,0,3
train/Huskie/a313.jpg,18.5,7.9,0,3
train/Huskie/a203.jpg,19.2,8.3,1,3
train/Huskie/a328.jpg,20.6,7.8,0,3
train/Huskie/a222.jpg,19.5,7.6,0,3
train/Huskie/a43.jpg,20.4,9.2,1,3
train/Huskie/a289.jpg,12.8,6.3,1,3
train/Huskie/a252.jpg,22.1,8.9,1,3
train/Huskie/a1.jpg,18.9,8.2,0,3
train/Huskie/a186.jpg,18.6,7.5,0,3
train/Huskie/a120.jpg,17.5,7.6,1,3
train/Huskie/a32.jpg,23.5,8.6,1,3
train/Huskie/a169.jpg,18.7,7.6,0,3
train/Huskie/a246.jpg,13.7,6.8,1,3
train/Huskie/a99.jpg,18.4,7.8,0,3
train/Huskie/a106.jpg,19.3,8.4,1,3
train/Huskie/a157.jpg,21.5,9.5,0,3
train/Huskie/a19.jpg,21.5,15,1,3
train/Huskie/a141.jpg,17.5,8.2,1,3
train/Huskie/a306.jpg,12.7,6.4,1,3
train/Huskie/a191.jpg,14.5,7.2,0,3
train/Huskie/a276.jpg,12.8,6.8,0,3
train/Huskie/a224.jpg,18.7,7.6,0,3
train/Huskie/a178.jpg,13.5,6.8,0,3
train/Huskie/a115.jpg,18.6,7.5,0,3
train/Huskie/a47.jpg,18.7,7.6,0,3
train/Huskie/a88.jpg,13.1,6.5,1,3
train/Huskie/a283.jpg,11.2,6.1,0,3
train/Huskie/a165.jpg,16.4,7.5,0,3
train/Huskie/a98.jpg,13.5,6.5,0,3
train/Huskie/a3.jpg,16.5,7.5,1,3
train/Huskie/a163.jpg,22.5,10.6,0,3
train/Huskie/a16.jpg,12.7,6.5,0,3
train/Huskie/a230.jpg,10.8,5.6,0,3
train/Huskie/a89.jpg,15.4,6.8,1,3
train/Huskie/a190.jpg,14.5,7.2,0,3
train/Huskie/a286.jpg,12.9,6.2,0,3
train/Huskie/a118.jpg,20.5,9.1,0,3
train/Huskie/a272.jpg,13.7,6.8,1,3
train/Huskie/a138.jpg,21.6,9.2,1,3
train/Huskie/a251.jpg,20.6,7.8,0,3
train/Huskie/a161.jpg,18.2,8.2,1,3
train/Huskie/a262.jpg,13.1,6.4,1,3
train/Huskie/a238.jpg,12.6,6.4,0,3
train/Pomeranian/a102.jpg,19.8,8.1,1,3
train/Pomeranian/a23.jpg,5.5,6,1,1
train/Pomeranian/a12.jpg,1.2,1,1,1
train/Pomeranian/a2.jpg,4,7,0,1
train/Pomeranian/a100.jpg,2.3,4,1,1
train/Pomeranian/a25.jpg,4,4,0,1
train/Pomeranian/a34.jpg,6.9,23,0,1
train/Pomeranian/a13.jpg,5.1,8,0,1
train/Pomeranian/a64.jpg,4.8,7,1,1
train/Pomeranian/a94.jpg,2.7,4,0,1
train/Pomeranian/a74.jpg,1.4,2,0,1
train/Pomeranian/a70.jpg,6,25,0,1
train/Pomeranian/a61.jpg,4.6,8,0,1
train/Pomeranian/a77.jpg,5.5,6,1,1
train/Pomeranian/a27.jpg,4,4,0,1
train/Pomeranian/a33.jpg,1.5,2,1,1
train/Pomeranian/a41.jpg,1.1,1,1,1
train/Pomeranian/a72.jpg,2.8,3,0,1
train/Pomeranian/a63.jpg,3.5,3,1,1
train/Pomeranian/a59.jpg,3.6,5,0,1
train/Pomeranian/a49.jpg,1,1,0,1
train/Pomeranian/a82.jpg,5.9,7,1,1
train/Pomeranian/a68.jpg,2.9,3,1,1
train/Pomeranian/a45.jpg,4.6,6,0,1
train/Pomeranian/a24.jpg,1.4,2,0,1
train/Pomeranian/a62.jpg,7,9,1,1
train/Pomeranian/a38.jpg,1,1,0,1
train/Pomeranian/a46.jpg,2.1,3,1,1
train/Pomeranian/a75.jpg,2.8,3,0,1
train/Pomeranian/a42.jpg,6.5,22,1,1
train/Pomeranian/a83.jpg,6.3,9,0,1
train/Pomeranian/a14.jpg,4.6,7,0,1
train/Pomeranian/a87.jpg,6.6,18,1,1
train/Pomeranian/a50.jpg,1.2,2,1,1
train/Pomeranian/a10.jpg,2.2,5,0,1
train/Pomeranian/a85.jpg,5.2,6,0,1
train/Pomeranian/a40.jpg,2.7,3,0,1
train/Pomeranian/a65.jpg,6.5,9,1,1
train/Pomeranian/a9.jpg,5,6,1,1
train/Pomeranian/a80.jpg,3.6,5,1,1
train/Pomeranian/a18.jpg,5.4,7,1,1
train/Pomeranian/a67.jpg,6.2,14,1,1
train/Pomeranian/a79.jpg,6.8,12,1,1
train/Pomeranian/a29.jpg,2.7,3,0,1
train/Pomeranian/a39.jpg,6.8,12,1,1
train/Pomeranian/a44.jpg,5.1,6,0,1
train/Pomeranian/a57.jpg,3.2,4,0,1
train/Pomeranian/a17.jpg,6.7,15,0,1
train/Pomeranian/a35.jpg,6.7,13,1,1
train/Pomeranian/a69.jpg,6.6,10,0,1
train/Pomeranian/a48.jpg,5.9,7,1,1
train/Pomeranian/a54.jpg,6.4,11,0,1
train/Pomeranian/a55.jpg,5.1,6,0,1
train/Pomeranian/a7.jpg,5.9,7,1,1
train/Pomeranian/a97.jpg,1.2,1,0,1
train/Pomeranian/a105.jpg,6.6,10,0,1
train/Pomeranian/a86.jpg,6.7,20,1,1
train/Pomeranian/a4.jpg,2,1,1,1
train/Pomeranian/a37.jpg,6.8,12,1,1
train/Pomeranian/a84.jpg,5.1,6,0,1
train/Pomeranian/a30.jpg,5.9,7,1,1
train/Pomeranian/a93.jpg,3.1,3,1,1
train/Pomeranian/a58.jpg,6.8,16,1,1
train/Pomeranian/a73.jpg,4.5,6,0,1
train/Pomeranian/a66.jpg,1.1,1,1,1
train/Pomeranian/a81.jpg,3.2,4,0,1
train/Pomeranian/a78.jpg,1.2,1,0,1
train/Pomeranian/a15.jpg,2.2,5,0,1
train/Pomeranian/a107.jpg,1.2,2,1,1
train/Pomeranian/a28.jpg,6.3,9,0,1
train/Pomeranian/a104.jpg,3.5,3,1,1
train/Pomeranian/a91.jpg,6.6,10,0,1
train/Pomeranian/a11.jpg,2.5,5,1,1
train/Pomeranian/a52.jpg,1.5,2,1,1
train/Pomeranian/a60.jpg,6.6,18,1,1
train/Pomeranian/a76.jpg,6.7,21,1,1
train/Pomeranian/a21.jpg,5.4,8,0,1
train/Pomeranian/a56.jpg,1.5,2,1,1
train/Pomeranian/a53.jpg,6.9,23,0,1
train/Pomeranian/a96.jpg,5.2,7,0,1
train/Pomeranian/a71.jpg,6,22,1,1
train/Pomeranian/a103.jpg,6.2,14,1,1
train/Pomeranian/a36.jpg,6.7,21,1,1
train/Pomeranian/a92.jpg,6.7,15,0,1
train/Pomeranian/a8.jpg,1.2,1,0,1
train/Pomeranian/a26.jpg,1.6,2,0,1
train/Pomeranian/a90.jpg,3.6,5,0,1
train/Pomeranian/a101.jpg,6.6,18,1,1
train/Pomeranian/a95.jpg,1.1,1,0,1
train/Pomeranian/a31.jpg,4.6,7,0,1
train/Pomeranian/a6.jpg,2.4,3,1,1
train/Pomeranian/a20.jpg,1.6,2,1,1
train/Pomeranian/a51.jpg,2.9,3,1,1
train/Pomeranian/a22.jpg,6.7,21,1,1
train/Pomeranian/a5.jpg,4.6,8,0,1
train/Pomeranian/a43.jpg,3,3,0,1
train/Pomeranian/a1.jpg,4.6,7,0,1
train/Pomeranian/a32.jpg,5.4,8,0,1
train/Pomeranian/a99.jpg,6.3,9,0,1
train/Pomeranian/a106.jpg,6.4,24,0,1
train/Pomeranian/a19.jpg,5,6,1,1
train/Pomeranian/a47.jpg,4,5,1,1
train/Pomeranian/a88.jpg,3.8,5,0,1
train/Pomeranian/a98.jpg,5.2,7,1,1
train/Pomeranian/a3.jpg,4.5,7,0,1
train/Pomeranian/a16.jpg,2.9,3,1,1
train/Pomeranian/a89.jpg,10,0,1,
,6,1,1,
